date,symbol,open,high,low,close,volume,source,fetched_at
2017-10-10,DPP,6.46,6.46,6.46,6.46,200,KBS,2026-10-09T05:05:33Z
2017-10-16,DPP,5.56,5.56,5.56,5.56,100,KBS,2026-10-09T05:05:33Z
2017-12-26,DPP,3.36,3.36,3.36,3.36,100,KBS,2026-10-09T05:05:33Z
2018-01-03,DPP,3.83,3.83,3.83,3.83,500,KBS,2026-10-09T05:05:33Z
2018-01-04,DPP,4.39,4.39,4.39,4.39,500,KBS,2026-10-09T05:05:33Z
2018-01-05,DPP,5.04,5.04,4.39,4.39,1000,KBS,2026-10-09T05:05:33Z
2018-01-09,DPP,5.04,5.17,5.04,5.17,200,KBS,2026-10-09T05:05:33Z
2018-01-15,DPP,5.81,5.86,5.81,5.86,1200,KBS,2026-10-09T05:05:33Z
2018-02-13,DPP,5.86,5.86,5.86,5.86,15,KBS,2026-10-09T05:05:33Z
2018-02-27,DPP,5.86,5.86,5.86,5.86,5,KBS,2026-10-09T05:05:33Z
2018-03-05,DPP,5.56,5.56,5.56,5.56,710,KBS,2026-10-09T05:05:33Z
2018-03-22,DPP,5.56,5.56,5.56,5.56,30,KBS,2026-10-09T05:05:33Z
2018-03-28,DPP,5.6,5.6,5.6,5.6,100,KBS,2026-10-09T05:05:33Z
2018-04-06,DPP,6.24,6.24,6.24,6.24,400,KBS,2026-10-09T05:05:33Z
2018-04-09,DPP,6.37,6.42,6.37,6.42,200,KBS,2026-10-09T05:05:33Z
2018-04-10,DPP,6.46,6.46,6.46,6.46,100,KBS,2026-10-09T05:05:33Z
2018-04-13,DPP,6.42,6.42,6.42,6.42,100,KBS,2026-10-09T05:05:33Z
2018-04-27,DPP,6.94,6.94,6.94,6.94,300,KBS,2026-10-09T05:05:33Z
2018-05-07,DPP,6.94,6.94,6.94,6.94,4,KBS,2026-10-09T05:05:33Z
2018-05-22,DPP,6.13,6.13,6.13,6.13,5200,KBS,2026-10-09T05:05:33Z
2018-06-22,DPP,6.61,6.61,6.61,6.61,100,KBS,2026-10-09T05:05:33Z
2018-06-27,DPP,7.57,7.57,7.57,7.57,100,KBS,2026-10-09T05:05:33Z
2018-09-28,DPP,8.38,8.38,8.38,8.38,500,KBS,2026-10-09T05:05:33Z
2018-10-03,DPP,8.14,8.14,8.14,8.14,500,KBS,2026-10-09T05:05:33Z
2018-10-04,DPP,7.42,7.42,7.42,7.42,100,KBS,2026-10-09T05:05:33Z
2018-10-08,DPP,7.42,7.42,7.42,7.42,510,KBS,2026-10-09T05:05:33Z
2018-10-11,DPP,8.51,8.51,8.51,8.51,500,KBS,2026-10-09T05:05:33Z
2018-11-02,DPP,9.28,9.28,9.28,9.28,100,KBS,2026-10-09T05:05:33Z
2018-11-07,DPP,7.91,7.91,7.91,7.91,100,KBS,2026-10-09T05:05:33Z
2018-11-15,DPP,6.77,6.77,6.77,6.77,500,KBS,2026-10-09T05:05:33Z
2018-11-16,DPP,6.77,6.77,6.77,6.77,500,KBS,2026-10-09T05:05:33Z
2018-12-14,DPP,5.78,5.78,5.78,5.78,1000,KBS,2026-10-09T05:05:33Z
2018-12-17,DPP,6.6,6.6,6.6,6.6,230,KBS,2026-10-09T05:05:33Z
2019-01-02,DPP,7.31,7.31,7.31,7.31,500,KBS,2026-10-09T05:05:33Z
2019-01-07,DPP,8.4,8.4,8.4,8.4,500,KBS,2026-10-09T05:05:33Z
2019-01-09,DPP,8.46,8.46,8.46,8.46,1000,KBS,2026-10-09T05:05:33Z
2019-01-15,DPP,8.73,8.73,8.73,8.73,100,KBS,2026-10-09T05:05:33Z
2019-01-18,DPP,8.3,8.3,8.08,8.08,700,KBS,2026-10-09T05:05:33Z
2019-01-23,DPP,7.2,7.2,7.2,7.2,200,KBS,2026-10-09T05:05:33Z
2019-01-24,DPP,6.88,6.88,6.88,6.88,100,KBS,2026-10-09T05:05:33Z
2019-01-25,DPP,6.0,6.0,6.0,6.0,200,KBS,2026-10-09T05:05:33Z
2019-02-19,DPP,5.73,5.73,5.73,5.73,405091,KBS,2026-10-09T05:05:33Z
2019-02-20,DPP,6.55,6.55,6.55,6.55,100,KBS,2026-10-09T05:05:33Z
2019-02-21,DPP,6.55,6.55,6.55,6.55,200,KBS,2026-10-09T05:05:33Z
2019-03-25,DPP,6.55,6.55,6.55,6.55,6,KBS,2026-10-09T05:05:33Z
2019-03-26,DPP,7.53,7.53,7.53,7.53,500,KBS,2026-10-09T05:05:33Z
2019-03-28,DPP,7.53,7.53,7.53,7.53,6,KBS,2026-10-09T05:05:33Z
2019-04-19,DPP,8.62,8.62,8.62,8.62,1000,KBS,2026-10-09T05:05:33Z
2019-04-25,DPP,8.19,8.19,8.19,8.19,100,KBS,2026-10-09T05:05:33Z
2019-07-12,DPP,8.6,8.6,8.6,8.6,300,KBS,2026-10-09T05:05:33Z
2019-08-08,DPP,8.6,8.6,8.6,8.6,500,KBS,2026-10-09T05:05:33Z
2019-08-20,DPP,8.6,8.6,8.6,8.6,500,KBS,2026-10-09T05:05:33Z
2019-10-17,DPP,9.49,11.98,9.49,11.98,1500,KBS,2026-10-09T05:05:33Z
2019-11-11,DPP,11.15,11.15,11.15,11.15,100,KBS,2026-10-09T05:05:33Z
2019-12-17,DPP,9.49,9.49,9.49,9.49,2404,KBS,2026-10-09T05:05:33Z
2019-12-20,DPP,9.49,9.49,9.49,9.49,10,KBS,2026-10-09T05:05:33Z
2019-12-26,DPP,9.49,9.49,9.49,9.49,20,KBS,2026-10-09T05:05:33Z
2020-01-10,DPP,8.25,8.25,8.25,8.25,10,KBS,2026-10-09T05:05:33Z
2020-01-15,DPP,9.2,9.2,9.2,9.2,100,KBS,2026-10-09T05:05:33Z
2020-01-16,DPP,9.2,9.2,9.2,9.2,100,KBS,2026-10-09T05:05:33Z
2020-02-06,DPP,9.49,9.49,9.49,9.49,100,KBS,2026-10-09T05:05:33Z
2020-02-07,DPP,9.55,9.55,9.55,9.55,100,KBS,2026-10-09T05:05:33Z
2020-02-19,DPP,9.49,9.49,9.49,9.49,100,KBS,2026-10-09T05:05:33Z
2020-03-02,DPP,9.49,9.49,9.49,9.49,1,KBS,2026-10-09T05:05:33Z
2020-03-04,DPP,9.49,9.49,9.49,9.49,1,KBS,2026-10-09T05:05:33Z
2020-03-10,DPP,10.09,10.09,10.09,10.09,509,KBS,2026-10-09T05:05:33Z
2020-03-19,DPP,10.09,10.09,10.09,10.09,6,KBS,2026-10-09T05:05:33Z
2020-04-08,DPP,10.09,10.09,10.09,10.09,800,KBS,2026-10-09T05:05:33Z
2020-05-08,DPP,10.09,10.09,10.09,10.09,60,KBS,2026-10-09T05:05:33Z
2020-05-14,DPP,10.2,10.2,10.2,10.2,200,KBS,2026-10-09T05:05:33Z
2020-05-21,DPP,9.49,10.68,9.49,10.68,800,KBS,2026-10-09T05:05:33Z
2020-05-22,DPP,9.91,9.91,9.91,9.91,300,KBS,2026-10-09T05:05:33Z
2020-05-25,DPP,10.03,10.26,10.03,10.2,700,KBS,2026-10-09T05:05:33Z
2020-05-26,DPP,10.26,10.26,10.26,10.26,1000,KBS,2026-10-09T05:05:33Z
2020-05-27,DPP,10.26,10.26,10.26,10.26,300,KBS,2026-10-09T05:05:33Z
2020-05-28,DPP,10.52,10.52,10.52,10.52,1400,KBS,2026-10-09T05:05:33Z
2020-06-02,DPP,10.59,10.59,10.59,10.59,100,KBS,2026-10-09T05:05:33Z
2020-06-03,DPP,10.65,10.65,10.65,10.65,150,KBS,2026-10-09T05:05:33Z
2020-06-15,DPP,10.97,10.97,10.97,10.97,200,KBS,2026-10-09T05:05:33Z
2020-06-23,DPP,10.65,10.72,10.65,10.72,1100,KBS,2026-10-09T05:05:33Z
2020-06-24,DPP,10.72,10.72,10.72,10.72,100,KBS,2026-10-09T05:05:33Z
2020-06-29,DPP,10.84,10.84,10.84,10.84,100,KBS,2026-10-09T05:05:33Z
2020-07-14,DPP,9.23,9.75,9.23,9.75,800,KBS,2026-10-09T05:05:33Z
2020-07-15,DPP,9.55,10.33,9.55,10.01,700,KBS,2026-10-09T05:05:33Z
2020-08-19,DPP,10.33,10.33,10.33,10.33,100,KBS,2026-10-09T05:05:33Z
2020-08-25,DPP,10.33,10.33,10.33,10.33,1,KBS,2026-10-09T05:05:33Z
2020-08-26,DPP,10.33,10.33,10.33,10.33,1,KBS,2026-10-09T05:05:33Z
2020-08-27,DPP,10.33,10.33,10.33,10.33,1,KBS,2026-10-09T05:05:33Z
2020-09-04,DPP,10.97,10.97,10.97,10.97,100,KBS,2026-10-09T05:05:33Z
2020-09-10,DPP,10.97,10.97,10.97,10.97,49,KBS,2026-10-09T05:05:33Z
2020-10-02,DPP,10.97,10.97,10.97,10.97,10,KBS,2026-10-09T05:05:33Z
2020-10-19,DPP,10.84,10.84,10.84,10.84,100,KBS,2026-10-09T05:05:33Z
2020-11-02,DPP,10.84,10.84,10.84,10.84,10,KBS,2026-10-09T05:05:33Z
2020-11-06,DPP,10.33,10.33,10.33,10.33,200,KBS,2026-10-09T05:05:33Z
2020-12-04,DPP,10.33,10.33,10.33,10.33,2,KBS,2026-10-09T05:05:33Z
2020-12-11,DPP,9.36,10.33,9.17,10.33,500,KBS,2026-10-09T05:05:33Z
2020-12-21,DPP,10.07,10.07,10.07,10.07,100,KBS,2026-10-09T05:05:33Z
2020-12-31,DPP,10.84,10.84,10.84,10.84,100,KBS,2026-10-09T05:05:33Z
2021-01-04,DPP,10.07,10.33,10.07,10.33,2800,KBS,2026-10-09T05:05:33Z
2021-01-05,DPP,10.26,10.26,10.26,10.26,100,KBS,2026-10-09T05:05:33Z
2021-01-26,DPP,9.68,9.68,9.68,9.68,2000,KBS,2026-10-09T05:05:33Z
2021-01-28,DPP,9.68,9.88,9.68,9.88,3710,KBS,2026-10-09T05:05:33Z
2021-02-02,DPP,9.81,9.81,9.81,9.81,1,KBS,2026-10-09T05:05:33Z
2021-02-18,DPP,10.46,10.46,10.46,10.46,100,KBS,2026-10-09T05:05:33Z
2021-03-02,DPP,10.59,10.59,10.59,10.59,500,KBS,2026-10-09T05:05:33Z
2021-03-03,DPP,10.46,11.3,10.39,11.3,4200,KBS,2026-10-09T05:05:33Z
2021-03-04,DPP,12.01,12.01,12.01,12.01,100,KBS,2026-10-09T05:05:33Z
2021-03-05,DPP,12.14,12.14,12.14,12.14,100,KBS,2026-10-09T05:05:33Z
2021-03-08,DPP,11.62,11.62,11.62,11.62,500,KBS,2026-10-09T05:05:33Z
2021-03-09,DPP,11.49,11.49,11.49,11.49,100,KBS,2026-10-09T05:05:33Z
2021-03-10,DPP,10.97,10.97,10.97,10.97,100,KBS,2026-10-09T05:05:33Z
2021-03-11,DPP,10.72,11.1,10.65,11.1,600,KBS,2026-10-09T05:05:33Z
2021-03-15,DPP,10.97,10.97,10.97,10.97,100,KBS,2026-10-09T05:05:33Z
2021-03-16,DPP,11.49,11.49,11.49,11.49,100,KBS,2026-10-09T05:05:33Z
2021-03-24,DPP,11.42,11.42,11.42,11.42,300,KBS,2026-10-09T05:05:33Z
2021-03-31,DPP,10.97,11.62,10.97,11.62,1400,KBS,2026-10-09T05:05:33Z
2021-05-10,DPP,12.79,12.79,12.79,12.79,100,KBS,2026-10-09T05:05:33Z
2021-05-11,DPP,13.43,13.43,13.43,13.43,500,KBS,2026-10-09T05:05:33Z
2021-05-20,DPP,13.43,13.43,13.43,13.43,200,KBS,2026-10-09T05:05:33Z
2021-05-31,DPP,13.43,13.43,13.43,13.43,200,KBS,2026-10-09T05:05:33Z
2021-06-10,DPP,11.45,11.45,11.45,11.45,100,KBS,2026-10-09T05:05:33Z
2021-06-11,DPP,11.59,11.59,11.59,11.59,100,KBS,2026-10-09T05:05:33Z
2021-06-14,DPP,11.66,11.66,11.66,11.66,400,KBS,2026-10-09T05:05:33Z
2021-06-15,DPP,11.73,12.37,11.66,12.37,1300,KBS,2026-10-09T05:05:33Z
2021-06-21,DPP,12.3,12.3,12.3,12.3,40,KBS,2026-10-09T05:05:33Z
2021-06-30,DPP,13.08,13.08,13.08,13.08,100,KBS,2026-10-09T05:05:33Z
2021-08-11,DPP,13.08,13.08,13.08,13.08,500,KBS,2026-10-09T05:05:33Z
2021-08-16,DPP,13.78,13.78,13.08,13.08,500,KBS,2026-10-09T05:05:33Z
2021-08-18,DPP,13.43,13.43,13.43,13.43,5500,KBS,2026-10-09T05:05:33Z
2021-08-19,DPP,13.43,13.43,13.43,13.43,300,KBS,2026-10-09T05:05:33Z
2021-08-20,DPP,13.29,13.29,13.29,13.29,100,KBS,2026-10-09T05:05:33Z
2021-08-24,DPP,13.22,13.22,13.22,13.22,100,KBS,2026-10-09T05:05:33Z
2021-08-26,DPP,13.08,13.08,13.08,13.08,900,KBS,2026-10-09T05:05:33Z
2021-08-27,DPP,13.08,14.98,13.08,14.98,12500,KBS,2026-10-09T05:05:33Z
2021-08-30,DPP,16.89,16.89,16.89,16.89,4300,KBS,2026-10-09T05:05:33Z
2021-08-31,DPP,19.36,19.36,19.36,19.36,9998,KBS,2026-10-09T05:05:33Z
2021-09-01,DPP,22.26,22.26,16.96,18.94,9900,KBS,2026-10-09T05:05:33Z
2021-09-06,DPP,16.04,16.18,15.9,16.18,6900,KBS,2026-10-09T05:05:33Z
2021-09-07,DPP,16.11,16.26,15.97,15.97,6600,KBS,2026-10-09T05:05:33Z
2021-09-08,DPP,15.41,15.97,15.41,15.55,5500,KBS,2026-10-09T05:05:33Z
2021-09-09,DPP,17.39,17.39,13.78,13.78,1200,KBS,2026-10-09T05:05:33Z
2021-09-10,DPP,14.21,14.42,14.14,14.14,5600,KBS,2026-10-09T05:05:33Z
2021-09-13,DPP,15.2,15.2,15.05,15.05,400,KBS,2026-10-09T05:05:33Z
2021-09-14,DPP,15.05,15.12,15.05,15.12,1500,KBS,2026-10-09T05:05:33Z
2021-09-15,DPP,15.12,15.12,15.12,15.12,700,KBS,2026-10-09T05:05:33Z
2021-09-16,DPP,13.5,14.49,13.5,14.49,800,KBS,2026-10-09T05:05:33Z
2021-09-17,DPP,13.71,14.14,13.71,14.06,2600,KBS,2026-10-09T05:05:33Z
2021-09-20,DPP,13.99,13.99,13.99,13.99,1100,KBS,2026-10-09T05:05:33Z
2021-09-21,DPP,14.14,14.28,13.43,13.99,5300,KBS,2026-10-09T05:05:33Z
2021-09-22,DPP,13.15,13.57,13.15,13.57,600,KBS,2026-10-09T05:05:33Z
2021-09-23,DPP,13.78,13.78,13.78,13.78,700,KBS,2026-10-09T05:05:33Z
2021-09-24,DPP,13.36,13.36,13.29,13.36,3100,KBS,2026-10-09T05:05:33Z
2021-09-28,DPP,13.99,13.99,13.99,13.99,100,KBS,2026-10-09T05:05:33Z
2021-09-29,DPP,13.08,13.64,13.08,13.64,200,KBS,2026-10-09T05:05:33Z
2021-09-30,DPP,13.36,13.36,13.15,13.15,1500,KBS,2026-10-09T05:05:33Z
2021-10-01,DPP,12.72,12.72,12.72,12.72,900,KBS,2026-10-09T05:05:33Z
2021-10-04,DPP,12.86,13.29,12.86,13.29,1000,KBS,2026-10-09T05:05:33Z
2021-10-05,DPP,13.22,13.22,13.0,13.15,1200,KBS,2026-10-09T05:05:33Z
2021-10-06,DPP,13.43,13.71,13.43,13.71,600,KBS,2026-10-09T05:05:33Z
2021-10-07,DPP,13.0,13.0,12.93,13.0,800,KBS,2026-10-09T05:05:33Z
2021-10-08,DPP,13.43,13.43,13.08,13.08,600,KBS,2026-10-09T05:05:33Z
2021-10-11,DPP,14.84,14.84,13.99,13.99,200,KBS,2026-10-09T05:05:33Z
2021-10-12,DPP,13.15,13.15,13.15,13.15,400,KBS,2026-10-09T05:05:33Z
2021-10-13,DPP,13.15,13.57,13.15,13.29,500,KBS,2026-10-09T05:05:33Z
2021-10-14,DPP,13.78,13.78,13.78,13.78,100,KBS,2026-10-09T05:05:33Z
2021-10-18,DPP,13.29,13.29,13.29,13.29,400,KBS,2026-10-09T05:05:33Z
2021-10-19,DPP,13.78,13.78,13.22,13.64,2000,KBS,2026-10-09T05:05:33Z
2021-10-22,DPP,13.29,13.29,13.29,13.29,400,KBS,2026-10-09T05:05:33Z
2021-10-25,DPP,13.57,13.57,13.15,13.15,700,KBS,2026-10-09T05:05:33Z
2021-10-26,DPP,13.08,13.08,13.08,13.08,200,KBS,2026-10-09T05:05:33Z
2021-10-27,DPP,13.15,13.43,13.15,13.29,300,KBS,2026-10-09T05:05:33Z
2021-10-28,DPP,13.5,13.5,13.5,13.5,100,KBS,2026-10-09T05:05:33Z
2021-10-29,DPP,13.36,13.36,13.36,13.36,100,KBS,2026-10-09T05:05:33Z
2021-11-01,DPP,13.43,13.43,13.43,13.43,5100,KBS,2026-10-09T05:05:33Z
2021-11-02,DPP,13.43,13.43,13.43,13.43,300,KBS,2026-10-09T05:05:33Z
2021-11-03,DPP,13.43,13.43,13.43,13.43,5000,KBS,2026-10-09T05:05:33Z
2021-11-05,DPP,13.43,13.43,13.43,13.43,300,KBS,2026-10-09T05:05:33Z
2021-11-08,DPP,13.57,13.57,13.57,13.57,200,KBS,2026-10-09T05:05:33Z
2021-11-10,DPP,13.43,13.43,13.43,13.43,7000,KBS,2026-10-09T05:05:33Z
2021-11-11,DPP,13.43,13.43,13.43,13.43,5000,KBS,2026-10-09T05:05:33Z
2021-11-15,DPP,13.57,13.71,13.57,13.71,1100,KBS,2026-10-09T05:05:33Z
2021-11-16,DPP,13.64,13.64,13.5,13.5,300,KBS,2026-10-09T05:05:33Z
2021-11-19,DPP,13.43,13.43,13.43,13.43,6900,KBS,2026-10-09T05:05:33Z
2021-11-22,DPP,13.43,13.43,13.43,13.43,2300,KBS,2026-10-09T05:05:33Z
2021-11-26,DPP,13.43,13.43,13.43,13.43,5000,KBS,2026-10-09T05:05:33Z
2021-11-29,DPP,14.77,14.77,14.77,14.77,200,KBS,2026-10-09T05:05:33Z
2021-11-30,DPP,14.42,14.42,13.78,13.78,300,KBS,2026-10-09T05:05:33Z
2021-12-01,DPP,14.06,14.06,13.99,13.99,900,KBS,2026-10-09T05:05:33Z
2021-12-07,DPP,13.85,13.85,13.78,13.78,600,KBS,2026-10-09T05:05:33Z
2021-12-13,DPP,12.16,13.71,12.16,13.71,700,KBS,2026-10-09T05:05:33Z
2021-12-14,DPP,13.57,13.57,13.57,13.57,700,KBS,2026-10-09T05:05:33Z
2021-12-15,DPP,13.57,13.57,13.57,13.57,1,KBS,2026-10-09T05:05:33Z
2021-12-17,DPP,12.72,12.72,12.72,12.72,300,KBS,2026-10-09T05:05:33Z
2021-12-22,DPP,12.86,13.29,12.86,13.29,200,KBS,2026-10-09T05:05:33Z
2022-01-04,DPP,13.22,13.22,13.22,13.22,100,KBS,2026-10-09T05:05:33Z
2022-01-05,DPP,13.71,13.71,13.71,13.71,100,KBS,2026-10-09T05:05:33Z
2022-01-10,DPP,13.71,13.71,13.71,13.71,100,KBS,2026-10-09T05:05:33Z
2022-01-12,DPP,13.43,13.43,13.43,13.43,300,KBS,2026-10-09T05:05:33Z
2022-01-13,DPP,12.72,13.78,12.72,13.78,5300,KBS,2026-10-09T05:05:33Z
2022-02-08,DPP,13.43,13.43,13.43,13.43,100,KBS,2026-10-09T05:05:33Z
2022-02-09,DPP,13.43,13.43,12.79,12.79,300,KBS,2026-10-09T05:05:33Z
2022-02-11,DPP,13.0,13.0,13.0,13.0,7200,KBS,2026-10-09T05:05:33Z
2022-02-14,DPP,13.0,13.0,12.72,12.72,4400,KBS,2026-10-09T05:05:33Z
2022-02-17,DPP,12.93,13.0,12.93,13.0,500,KBS,2026-10-09T05:05:33Z
2022-02-22,DPP,12.93,12.93,12.93,12.93,200,KBS,2026-10-09T05:05:33Z
2022-02-23,DPP,13.08,13.43,13.08,13.43,1200,KBS,2026-10-09T05:05:33Z
2022-02-28,DPP,13.36,13.36,13.36,13.36,100,KBS,2026-10-09T05:05:33Z
2022-03-01,DPP,13.5,13.5,13.5,13.5,100,KBS,2026-10-09T05:05:33Z
2022-03-07,DPP,13.78,13.78,13.78,13.78,100,KBS,2026-10-09T05:05:33Z
2022-03-09,DPP,13.43,13.43,13.43,13.43,100,KBS,2026-10-09T05:05:33Z
2022-03-14,DPP,13.29,13.29,13.29,13.29,300,KBS,2026-10-09T05:05:33Z
2022-03-21,DPP,13.29,13.29,13.29,13.29,100,KBS,2026-10-09T05:05:33Z
2022-03-22,DPP,14.35,14.35,14.35,14.35,100,KBS,2026-10-09T05:05:33Z
2022-03-28,DPP,12.72,12.72,12.72,12.72,1000,KBS,2026-10-09T05:05:33Z
2022-03-30,DPP,13.0,13.0,13.0,13.0,100,KBS,2026-10-09T05:05:33Z
2022-03-31,DPP,12.72,13.0,12.72,13.0,300,KBS,2026-10-09T05:05:33Z
2022-04-05,DPP,13.78,13.78,13.78,13.78,100,KBS,2026-10-09T05:05:33Z
2022-04-12,DPP,13.78,13.78,13.43,13.43,297,KBS,2026-10-09T05:05:33Z
2022-04-15,DPP,13.64,13.64,13.64,13.64,100,KBS,2026-10-09T05:05:33Z
2022-04-18,DPP,13.64,13.64,13.64,13.64,3,KBS,2026-10-09T05:05:33Z
2022-04-19,DPP,13.64,13.64,13.64,13.64,100,KBS,2026-10-09T05:05:33Z
2022-04-21,DPP,12.65,12.65,12.65,12.65,500,KBS,2026-10-09T05:05:33Z
2022-04-22,DPP,13.43,13.43,13.43,13.43,300,KBS,2026-10-09T05:05:33Z
2022-04-28,DPP,13.64,13.64,13.64,13.64,100,KBS,2026-10-09T05:05:33Z
2022-04-29,DPP,14.14,14.14,13.64,13.64,400,KBS,2026-10-09T05:05:33Z
2022-05-04,DPP,13.78,13.78,13.78,13.78,200,KBS,2026-10-09T05:05:33Z
2022-05-09,DPP,13.78,13.78,13.78,13.78,200,KBS,2026-10-09T05:05:33Z
2022-05-11,DPP,13.93,13.93,13.93,13.93,300,KBS,2026-10-09T05:05:33Z
2022-06-01,DPP,14.16,14.16,14.16,14.16,100,KBS,2026-10-09T05:05:33Z
2022-06-20,DPP,13.48,13.48,13.48,13.48,100,KBS,2026-10-09T05:05:33Z
2022-06-30,DPP,13.56,13.56,13.56,13.56,300,KBS,2026-10-09T05:05:33Z
2022-07-01,DPP,13.71,13.71,13.71,13.71,100,KBS,2026-10-09T05:05:33Z
2022-07-05,DPP,13.71,13.71,13.71,13.71,100,KBS,2026-10-09T05:05:33Z
2022-07-06,DPP,13.63,13.71,13.63,13.71,200,KBS,2026-10-09T05:05:33Z
2022-07-13,DPP,13.71,13.71,13.71,13.71,1005,KBS,2026-10-09T05:05:33Z
2022-07-18,DPP,13.71,13.71,13.71,13.71,600,KBS,2026-10-09T05:05:33Z
2022-07-19,DPP,13.71,13.71,13.71,13.71,400,KBS,2026-10-09T05:05:33Z
2022-07-20,DPP,13.71,13.71,13.71,13.71,600,KBS,2026-10-09T05:05:33Z
2022-07-28,DPP,11.67,13.71,11.67,13.71,300,KBS,2026-10-09T05:05:33Z
2022-07-29,DPP,13.4,13.4,13.4,13.4,100,KBS,2026-10-09T05:05:33Z
2022-08-02,DPP,13.4,13.4,13.4,13.4,500,KBS,2026-10-09T05:05:33Z
2022-08-10,DPP,13.71,13.71,13.71,13.71,100,KBS,2026-10-09T05:05:33Z
2022-08-11,DPP,13.71,13.71,13.71,13.71,32,KBS,2026-10-09T05:05:33Z
2022-10-10,DPP,8.28,8.28,8.28,8.28,1400,KBS,2026-10-09T05:05:33Z
2022-10-11,DPP,9.34,9.34,9.34,9.34,110,KBS,2026-10-09T05:05:33Z
2022-10-12,DPP,10.17,10.17,10.17,10.17,100,KBS,2026-10-09T05:05:33Z
2022-10-14,DPP,10.92,10.92,10.92,10.92,100,KBS,2026-10-09T05:05:33Z
2022-10-17,DPP,11.67,11.67,11.67,11.67,100,KBS,2026-10-09T05:05:33Z
2022-10-20,DPP,12.43,12.43,12.43,12.43,100,KBS,2026-10-09T05:05:33Z
2022-10-21,DPP,12.43,12.43,12.43,12.43,42,KBS,2026-10-09T05:05:33Z
2022-10-24,DPP,11.3,11.3,11.3,11.3,200,KBS,2026-10-09T05:05:33Z
2022-10-25,DPP,11.3,11.3,11.3,11.3,1000,KBS,2026-10-09T05:05:33Z
2022-10-26,DPP,12.05,12.05,12.05,12.05,100,KBS,2026-10-09T05:05:33Z
2022-11-02,DPP,12.05,12.05,12.05,12.05,2,KBS,2026-10-09T05:05:33Z
2022-12-02,DPP,12.05,12.05,12.05,12.05,300,KBS,2026-10-09T05:05:33Z
2022-12-26,DPP,12.05,12.05,12.05,12.05,1,KBS,2026-10-09T05:05:33Z
2022-12-30,DPP,12.05,12.05,12.05,12.05,5,KBS,2026-10-09T05:05:33Z
2023-04-05,DPP,13.1,13.1,13.1,13.1,100,KBS,2026-10-09T05:05:33Z
2023-04-06,DPP,13.26,13.26,13.26,13.26,101,KBS,2026-10-09T05:05:33Z
2023-04-13,DPP,12.8,12.8,12.8,12.8,100,KBS,2026-10-09T05:05:33Z
2023-05-05,DPP,10.92,10.92,10.92,10.92,300,KBS,2026-10-09T05:05:33Z
2023-05-08,DPP,10.92,10.92,9.34,9.34,43566,KBS,2026-10-09T05:05:33Z
2023-05-09,DPP,10.67,10.67,10.67,10.67,300,KBS,2026-10-09T05:05:33Z
2023-05-10,DPP,12.26,12.26,12.26,12.26,101,KBS,2026-10-09T05:05:33Z
2023-05-12,DPP,14.09,14.09,14.09,14.09,238,KBS,2026-10-09T05:05:33Z
2023-05-15,DPP,14.09,14.09,14.09,14.09,100,KBS,2026-10-09T05:05:33Z
2023-05-22,DPP,14.59,15.01,14.59,15.01,5200,KBS,2026-10-09T05:05:33Z
2023-05-23,DPP,15.01,15.01,15.01,15.01,228,KBS,2026-10-09T05:05:33Z
2023-05-24,DPP,16.68,16.68,15.01,15.01,6500,KBS,2026-10-09T05:05:33Z
2023-05-25,DPP,15.68,16.68,15.68,16.68,7400,KBS,2026-10-09T05:05:33Z
2023-05-26,DPP,16.68,16.68,16.68,16.68,8800,KBS,2026-10-09T05:05:33Z
2023-05-29,DPP,16.68,16.68,16.68,16.68,2000,KBS,2026-10-09T05:05:33Z
2023-05-30,DPP,16.68,16.68,16.68,16.68,1300,KBS,2026-10-09T05:05:33Z
2023-06-02,DPP,16.68,16.68,16.68,16.68,15000,KBS,2026-10-09T05:05:33Z
2023-06-05,DPP,16.68,16.68,16.68,16.68,20,KBS,2026-10-09T05:05:33Z
2023-06-06,DPP,16.68,16.68,16.68,16.68,5000,KBS,2026-10-09T05:05:33Z
2023-06-07,DPP,16.68,16.68,16.68,16.68,4500,KBS,2026-10-09T05:05:33Z
2023-06-09,DPP,16.68,16.68,16.68,16.68,1,KBS,2026-10-09T05:05:33Z
2023-06-13,DPP,16.68,18.34,16.68,18.34,600,KBS,2026-10-09T05:05:33Z
2023-06-21,DPP,16.68,16.68,16.68,16.68,200,KBS,2026-10-09T05:05:33Z
2023-06-23,DPP,16.68,16.68,16.68,16.68,4300,KBS,2026-10-09T05:05:33Z
2023-06-26,DPP,16.68,16.68,16.68,16.68,1000,KBS,2026-10-09T05:05:33Z
2023-06-27,DPP,16.68,16.68,16.68,16.68,1,KBS,2026-10-09T05:05:33Z
2023-06-29,DPP,19.18,19.18,19.18,19.18,100,KBS,2026-10-09T05:05:33Z
2023-06-30,DPP,19.18,19.18,19.18,19.18,344,KBS,2026-10-09T05:05:33Z
2023-07-04,DPP,19.09,19.09,16.43,16.43,400,KBS,2026-10-09T05:05:33Z
2023-07-05,DPP,17.76,17.76,17.76,17.76,500,KBS,2026-10-09T05:05:33Z
2023-07-06,DPP,17.76,20.26,15.26,20.26,917,KBS,2026-10-09T05:05:33Z
2023-07-07,DPP,17.76,17.76,17.76,17.76,600,KBS,2026-10-09T05:05:33Z
2023-07-10,DPP,17.76,17.76,17.76,17.76,400,KBS,2026-10-09T05:05:33Z
2023-07-11,DPP,17.76,17.76,17.76,17.76,500,KBS,2026-10-09T05:05:33Z
2023-07-13,DPP,17.76,17.76,17.76,17.76,3000,KBS,2026-10-09T05:05:33Z
2023-07-14,DPP,17.76,17.76,17.76,17.76,2500,KBS,2026-10-09T05:05:33Z
2023-07-17,DPP,17.76,17.76,17.76,17.76,5800,KBS,2026-10-09T05:05:33Z
2023-07-18,DPP,17.76,17.76,17.76,17.76,7000,KBS,2026-10-09T05:05:33Z
2023-07-19,DPP,17.76,17.76,17.76,17.76,10,KBS,2026-10-09T05:05:33Z
2023-07-21,DPP,17.76,17.76,17.76,17.76,2110,KBS,2026-10-09T05:05:33Z
2023-07-24,DPP,17.76,17.76,17.76,17.76,1024,KBS,2026-10-09T05:05:33Z
2023-07-26,DPP,17.76,17.76,17.76,17.76,500,KBS,2026-10-09T05:05:33Z
2023-07-28,DPP,19.18,19.18,19.18,19.18,100,KBS,2026-10-09T05:05:33Z
2023-08-01,DPP,17.84,17.84,17.84,17.84,500,KBS,2026-10-09T05:05:33Z
2023-08-03,DPP,17.84,18.09,17.84,18.09,1100,KBS,2026-10-09T05:05:33Z
2023-08-04,DPP,17.84,17.84,17.84,17.84,3001,KBS,2026-10-09T05:05:33Z
2023-08-07,DPP,17.84,17.84,17.84,17.84,1101,KBS,2026-10-09T05:05:33Z
2023-08-08,DPP,17.84,17.84,17.84,17.84,1000,KBS,2026-10-09T05:05:33Z
2023-08-10,DPP,17.84,17.84,17.84,17.84,500,KBS,2026-10-09T05:05:33Z
2023-08-11,DPP,17.84,17.84,17.84,17.84,900,KBS,2026-10-09T05:05:33Z
2023-08-14,DPP,17.84,17.84,17.84,17.84,500,KBS,2026-10-09T05:05:33Z
2023-08-15,DPP,17.84,17.84,17.84,17.84,2000,KBS,2026-10-09T05:05:33Z
2023-08-22,DPP,17.84,17.84,17.84,17.84,1000,KBS,2026-10-09T05:05:33Z
2023-08-23,DPP,17.84,17.84,17.84,17.84,1000,KBS,2026-10-09T05:05:33Z
2023-08-24,DPP,17.84,17.84,17.84,17.84,1060,KBS,2026-10-09T05:05:33Z
2023-08-25,DPP,17.84,17.84,17.84,17.84,500,KBS,2026-10-09T05:05:33Z
2023-08-28,DPP,17.84,17.84,17.84,17.84,500,KBS,2026-10-09T05:05:33Z
2023-08-29,DPP,17.84,17.84,17.84,17.84,1000,KBS,2026-10-09T05:05:33Z
2023-08-31,DPP,17.84,17.84,17.84,17.84,4500,KBS,2026-10-09T05:05:33Z
2023-09-06,DPP,17.84,17.84,17.84,17.84,1700,KBS,2026-10-09T05:05:33Z
2023-09-07,DPP,17.84,17.84,17.84,17.84,3000,KBS,2026-10-09T05:05:33Z
2023-09-08,DPP,17.84,17.84,17.84,17.84,3500,KBS,2026-10-09T05:05:33Z
2023-09-11,DPP,17.84,17.84,17.84,17.84,3000,KBS,2026-10-09T05:05:33Z
2023-09-18,DPP,17.84,17.84,17.84,17.84,1,KBS,2026-10-09T05:05:33Z
2023-09-21,DPP,17.84,17.84,17.84,17.84,1000,KBS,2026-10-09T05:05:33Z
2023-09-28,DPP,17.84,17.84,17.84,17.84,1,KBS,2026-10-09T05:05:33Z
2023-11-13,DPP,17.84,17.84,17.84,17.84,200,KBS,2026-10-09T05:05:33Z
2023-11-17,DPP,17.84,17.84,17.84,17.84,1,KBS,2026-10-09T05:05:33Z
2023-11-21,DPP,17.84,17.84,17.84,17.84,62,KBS,2026-10-09T05:05:33Z
2023-11-29,DPP,18.34,18.34,18.34,18.34,100,KBS,2026-10-09T05:05:33Z
2023-12-06,DPP,19.18,19.18,19.18,19.18,300,KBS,2026-10-09T05:05:33Z
2023-12-11,DPP,18.93,18.93,18.93,18.93,1700,KBS,2026-10-09T05:05:33Z
2023-12-14,DPP,18.93,18.93,18.93,18.93,3900,KBS,2026-10-09T05:05:33Z
2023-12-18,DPP,18.93,18.93,18.93,18.93,100,KBS,2026-10-09T05:05:33Z
2023-12-19,DPP,18.93,18.93,18.93,18.93,42,KBS,2026-10-09T05:05:33Z
2023-12-27,DPP,18.93,18.93,18.93,18.93,1000,KBS,2026-10-09T05:05:33Z
2023-12-28,DPP,18.93,18.93,18.93,18.93,36,KBS,2026-10-09T05:05:33Z
2024-01-04,DPP,18.93,18.93,18.93,18.93,1100,KBS,2026-10-09T05:05:33Z
2024-02-15,DPP,18.93,18.93,18.93,18.93,2,KBS,2026-10-09T05:05:33Z
2024-02-27,DPP,18.93,18.93,18.93,18.93,6600,KBS,2026-10-09T05:05:33Z
2024-03-01,DPP,18.93,18.93,18.93,18.93,100,KBS,2026-10-09T05:05:33Z
2024-03-21,DPP,18.93,18.93,18.93,18.93,100,KBS,2026-10-09T05:05:33Z
2024-04-22,DPP,18.93,18.93,18.93,18.93,2,KBS,2026-10-09T05:05:33Z
2024-05-08,DPP,18.93,18.93,18.93,18.93,200,KBS,2026-10-09T05:05:33Z
2024-05-09,DPP,18.34,18.34,18.34,18.34,2800,KBS,2026-10-09T05:05:33Z
2024-06-03,DPP,18.52,18.52,18.52,18.52,3000,KBS,2026-10-09T05:05:33Z
2024-06-26,DPP,18.52,18.52,18.52,18.52,1,KBS,2026-10-09T05:05:33Z
2024-10-16,DPP,11.11,11.11,11.11,11.11,100,KBS,2026-10-09T05:05:33Z
2024-11-08,DPP,11.11,11.11,11.11,11.11,100,KBS,2026-10-09T05:05:33Z
2024-11-11,DPP,12.35,12.35,12.35,12.35,200,KBS,2026-10-09T05:05:33Z
2024-11-12,DPP,14.11,14.11,14.11,14.11,158,KBS,2026-10-09T05:05:33Z
2024-11-13,DPP,14.2,15.87,14.2,15.87,2400,KBS,2026-10-09T05:05:33Z
2024-11-14,DPP,15.87,15.87,15.87,15.87,401,KBS,2026-10-09T05:05:33Z
2024-11-15,DPP,16.32,16.32,16.32,16.32,600,KBS,2026-10-09T05:05:33Z
2024-11-18,DPP,16.76,16.76,16.76,16.76,1400,KBS,2026-10-09T05:05:33Z
2024-11-19,DPP,16.76,17.02,16.76,17.02,500,KBS,2026-10-09T05:05:33Z
2024-11-20,DPP,17.02,17.02,17.02,17.02,1200,KBS,2026-10-09T05:05:33Z
2024-11-21,DPP,17.02,17.02,17.02,17.02,1000,KBS,2026-10-09T05:05:33Z
2024-11-22,DPP,17.64,17.64,17.64,17.64,500,KBS,2026-10-09T05:05:33Z
2024-11-27,DPP,18.08,18.08,18.08,18.08,1500,KBS,2026-10-09T05:05:33Z
2025-03-19,DPP,17.64,17.64,17.64,17.64,100,KBS,2026-10-09T05:05:33Z
2025-03-20,DPP,17.64,17.64,17.64,17.64,2741,KBS,2026-10-09T05:05:33Z
2025-03-24,DPP,17.64,17.64,17.64,17.64,38,KBS,2026-10-09T05:05:33Z
2025-04-02,DPP,17.64,17.64,17.64,17.64,10,KBS,2026-10-09T05:05:33Z
2025-04-03,DPP,17.64,17.64,17.64,17.64,5,KBS,2026-10-09T05:05:33Z
2025-04-22,DPP,17.64,17.64,17.64,17.64,1,KBS,2026-10-09T05:05:33Z
2025-05-05,DPP,18.52,18.52,18.52,18.52,100,KBS,2026-10-09T05:05:33Z
2025-05-06,DPP,19.4,19.4,19.4,19.4,200,KBS,2026-10-09T05:05:33Z
2025-07-02,DPP,19.4,21.3,19.4,21.3,1200,KBS,2026-10-09T05:05:33Z
2025-07-28,DPP,19.59,21.39,19.59,21.39,23600,KBS,2026-10-09T05:05:33Z
2025-08-04,DPP,20.82,20.92,20.82,20.92,700,KBS,2026-10-09T05:05:33Z
2025-08-11,DPP,23.94,23.94,23.94,23.94,100,KBS,2026-10-09T05:05:33Z
2025-08-12,DPP,23.94,24.04,23.94,24.04,500,KBS,2026-10-09T05:05:33Z
2025-08-13,DPP,23.66,23.66,23.66,23.66,100,KBS,2026-10-09T05:05:33Z
2025-08-25,DPP,23.66,23.66,23.66,23.66,200,KBS,2026-10-09T05:05:33Z
2025-08-29,DPP,26.5,26.5,26.5,26.5,100,KBS,2026-10-09T05:05:33Z
2025-09-03,DPP,26.5,26.5,26.5,26.5,100,KBS,2026-10-09T05:05:33Z
