symbol,date,issue,detail
MHL,2015-10-21,ohlc_inconsistent,"high < max(open,close,low) hoặc low > min(open,close,high)"
MHL,2015-10-23,ohlc_inconsistent,"high < max(open,close,low) hoặc low > min(open,close,high)"
MHL,2015-10-27,ohlc_inconsistent,"high < max(open,close,low) hoặc low > min(open,close,high)"
MHL,2015-10-30,ohlc_inconsistent,"high < max(open,close,low) hoặc low > min(open,close,high)"
MHL,2015-11-04,ohlc_inconsistent,"high < max(open,close,low) hoặc low > min(open,close,high)"
MHL,2015-11-06,ohlc_inconsistent,"high < max(open,close,low) hoặc low > min(open,close,high)"
MHL,2015-11-09,ohlc_inconsistent,"high < max(open,close,low) hoặc low > min(open,close,high)"
MHL,2015-11-19,ohlc_inconsistent,"high < max(open,close,low) hoặc low > min(open,close,high)"
MHL,2015-11-20,ohlc_inconsistent,"high < max(open,close,low) hoặc low > min(open,close,high)"
MHL,2015-11-26,ohlc_inconsistent,"high < max(open,close,low) hoặc low > min(open,close,high)"
MHL,2015-12-02,ohlc_inconsistent,"high < max(open,close,low) hoặc low > min(open,close,high)"
MHL,2015-12-15,ohlc_inconsistent,"high < max(open,close,low) hoặc low > min(open,close,high)"
MHL,2015-12-18,ohlc_inconsistent,"high < max(open,close,low) hoặc low > min(open,close,high)"
MHL,2016-01-12,ohlc_inconsistent,"high < max(open,close,low) hoặc low > min(open,close,high)"
MHL,2016-01-13,ohlc_inconsistent,"high < max(open,close,low) hoặc low > min(open,close,high)"
MHL,2016-01-19,ohlc_inconsistent,"high < max(open,close,low) hoặc low > min(open,close,high)"
MHL,2016-01-25,ohlc_inconsistent,"high < max(open,close,low) hoặc low > min(open,close,high)"
MHL,2016-02-22,ohlc_inconsistent,"high < max(open,close,low) hoặc low > min(open,close,high)"
MHL,2016-02-25,ohlc_inconsistent,"high < max(open,close,low) hoặc low > min(open,close,high)"
MHL,2016-02-29,ohlc_inconsistent,"high < max(open,close,low) hoặc low > min(open,close,high)"
MHL,2016-03-01,ohlc_inconsistent,"high < max(open,close,low) hoặc low > min(open,close,high)"
MHL,2016-03-02,ohlc_inconsistent,"high < max(open,close,low) hoặc low > min(open,close,high)"
MHL,2016-03-07,ohlc_inconsistent,"high < max(open,close,low) hoặc low > min(open,close,high)"
MHL,2016-03-31,ohlc_inconsistent,"high < max(open,close,low) hoặc low > min(open,close,high)"
MHL,2016-04-05,ohlc_inconsistent,"high < max(open,close,low) hoặc low > min(open,close,high)"
MHL,2016-04-06,ohlc_inconsistent,"high < max(open,close,low) hoặc low > min(open,close,high)"
MHL,2016-04-12,ohlc_inconsistent,"high < max(open,close,low) hoặc low > min(open,close,high)"
MHL,2016-04-13,ohlc_inconsistent,"high < max(open,close,low) hoặc low > min(open,close,high)"
MHL,2016-04-15,ohlc_inconsistent,"high < max(open,close,low) hoặc low > min(open,close,high)"
MHL,2016-04-19,ohlc_inconsistent,"high < max(open,close,low) hoặc low > min(open,close,high)"
MHL,2016-04-20,ohlc_inconsistent,"high < max(open,close,low) hoặc low > min(open,close,high)"
MHL,2016-04-21,ohlc_inconsistent,"high < max(open,close,low) hoặc low > min(open,close,high)"
MHL,2016-04-26,ohlc_inconsistent,"high < max(open,close,low) hoặc low > min(open,close,high)"
MHL,2016-04-27,ohlc_inconsistent,"high < max(open,close,low) hoặc low > min(open,close,high)"
